/*菜单初始化数据*/
truncate table bean_menu;
truncate table bean_privilege;
insert into bean_menu(parent_id,id,level,menu_name,path,view_path,icon,is_open,hide_menu,num)values(null,'home',1,'首页','/home','/index/home/workbench/index','clarity:home-solid',1,0,1);
insert into bean_privilege(menu_id,id,privilege_name,request_url,is_open)values('home','home:list','列表','',1);
insert into bean_menu(parent_id,id,level,menu_name,path,view_path,icon,is_open,hide_menu,num)values(null,'work',1,'工作台','/work','/work','grommet-icons:test',1,0,2);
insert into bean_menu(parent_id,id,level,menu_name,path,view_path,icon,is_open,hide_menu,num)values('work','work.oa',2,'工作流','/work/oa','/work/oa/index','grommet-icons:test',1,0,1);
insert into bean_privilege(menu_id,id,privilege_name,request_url,is_open)values('work.oa','work.oa:list','列表','',1);
insert into bean_menu(parent_id,id,level,menu_name,path,view_path,icon,is_open,hide_menu,num)values('work','work.leave',2,'请假申请','/work/leave/:id','/work/leave/index','grommet-icons:test',1,1,2);
insert into bean_privilege(menu_id,id,privilege_name,request_url,is_open)values('work.leave','work.leave:list','列表','',1);
insert into bean_menu(parent_id,id,level,menu_name,path,view_path,icon,is_open,hide_menu,num)values('work','work.personal',2,'个人中心','/work/personal','/work/personal/index','grommet-icons:test',1,0,3);
insert into bean_privilege(menu_id,id,privilege_name,request_url,is_open)values('work.personal','work.personal:list','列表','',1);
insert into bean_privilege(menu_id,id,privilege_name,request_url,is_open)values('work.personal','work.personal:user_save','个人信息保存','/webapi/bean/user/update_login_user_info',1);
insert into bean_privilege(menu_id,id,privilege_name,request_url,is_open)values('work.personal','work.personal:other_save','绑定解绑第三方信息','/webapi/mini/bind_mini_web,/webapi/mini/unbind_mini_web',1);
insert into bean_menu(parent_id,id,level,menu_name,path,view_path,icon,is_open,hide_menu,num)values(null,'oa',1,'流程管理','/oa','/oa','grommet-icons:test',1,0,3);
insert into bean_menu(parent_id,id,level,menu_name,path,view_path,icon,is_open,hide_menu,num)values('oa','oa.repository',2,'流程定义','/oa/repository','/oa/repository/index','grommet-icons:test',1,0,1);
insert into bean_privilege(menu_id,id,privilege_name,request_url,is_open)values('oa.repository','oa.repository:list','列表','/webapi/activiti/activiti/find_repository_list',1);
insert into bean_privilege(menu_id,id,privilege_name,request_url,is_open)values('oa.repository','oa.repository:add','添加','/webapi/activiti/activiti/deploy_process_parameter,/webapi/activiti/activiti/deploy_process',1);
insert into bean_privilege(menu_id,id,privilege_name,request_url,is_open)values('oa.repository','oa.repository:deploy','部署','/webapi/activiti/activiti/deploy_process_parameter,/webapi/activiti/activiti/deploy_process',1);
insert into bean_privilege(menu_id,id,privilege_name,request_url,is_open)values('oa.repository','oa.repository:pending','挂起-激活','/webapi/activiti/activiti/suspended_process_definition',1);
insert into bean_privilege(menu_id,id,privilege_name,request_url,is_open)values('oa.repository','oa.repository:delete','删除','/webapi/activiti/activiti/delete_process',1);
insert into bean_menu(parent_id,id,level,menu_name,path,view_path,icon,is_open,hide_menu,num)values('oa','oa.deploy',2,'流程部署','/oa/deploy/:id','/oa/deploy/index','mdi:card-account-details',1,1,2);
insert into bean_privilege(menu_id,id,privilege_name,request_url,is_open)values('oa.deploy','oa.deploy:list','列表','',1);
insert into bean_privilege(menu_id,id,privilege_name,request_url,is_open)values('oa.deploy','oa.deploy:deploy','部署','/webapi/activiti/activiti/deploy_process_parameter',1);
insert into bean_menu(parent_id,id,level,menu_name,path,view_path,icon,is_open,hide_menu,num)values('oa','oa.need',2,'待办流程','/oa/need','/oa/need/index','grommet-icons:test',1,0,3);
insert into bean_privilege(menu_id,id,privilege_name,request_url,is_open)values('oa.need','oa.need:list','列表','',1);
insert into bean_privilege(menu_id,id,privilege_name,request_url,is_open)values('oa.need','oa.need:detail','详情','',1);
insert into bean_privilege(menu_id,id,privilege_name,request_url,is_open)values('oa.need','oa.need:sign_for','签收','/webapi/activiti/activiti/appoint_claim',1);
insert into bean_privilege(menu_id,id,privilege_name,request_url,is_open)values('oa.need','oa.need:pending','挂起-激活','/webapi/activiti/activiti/suspended_instance',1);
insert into bean_privilege(menu_id,id,privilege_name,request_url,is_open)values('oa.need','oa.need:reject','驳回','/webapi/activiti/activiti/back_process',1);
insert into bean_menu(parent_id,id,level,menu_name,path,view_path,icon,is_open,hide_menu,num)values('oa','oa.historic',2,'历史流程','/oa/historic','/oa/historic/index','grommet-icons:test',1,0,4);
insert into bean_privilege(menu_id,id,privilege_name,request_url,is_open)values('oa.historic','oa.historic:list','列表','',1);
insert into bean_privilege(menu_id,id,privilege_name,request_url,is_open)values('oa.historic','oa.historic:detail','详情','',1);
insert into bean_menu(parent_id,id,level,menu_name,path,view_path,icon,is_open,hide_menu,num)values(null,'monitor',1,'系统监控','/monitor','/monitor','grommet-icons:test',1,0,4);
insert into bean_menu(parent_id,id,level,menu_name,path,view_path,icon,is_open,hide_menu,num)values('monitor','monitor.naocs',2,'服务注册中心','/monitor/naocs','https://www.nilongao.cn/nacos/','grommet-icons:test',1,0,1);/*外联模式*/
insert into bean_privilege(menu_id,id,privilege_name,request_url,is_open)values('monitor.naocs','monitore.naocs:list','列表','',1);
insert into bean_menu(parent_id,id,level,menu_name,path,view_path,icon,is_open,hide_menu,num)values('monitor','monitor.minio',2,'资源文件','/monitor/minio','https://www.nilongao.cn/minio','grommet-icons:test',1,0,2);
insert into bean_privilege(menu_id,id,privilege_name,request_url,is_open)values('monitor.minio','monitore.minio:list','列表','',1);
insert into bean_menu(parent_id,id,level,menu_name,path,view_path,icon,is_open,hide_menu,num)values('monitor','monitor.sentinel',2,'熔断限流配置','http://1.15.9.228:8850/','http://1.15.9.228:8850/','grommet-icons:test',1,0,3);
insert into bean_privilege(menu_id,id,privilege_name,request_url,is_open)values('monitor.sentinel','monitore.sentinel:list','列表','',1);
insert into bean_menu(parent_id,id,level,menu_name,path,view_path,icon,is_open,hide_menu,num)values('monitor','monitor.skywalking',2,'链路追踪','http://1.15.9.228:12013/','http://1.15.9.228:12013/','grommet-icons:test',1,0,4);
insert into bean_privilege(menu_id,id,privilege_name,request_url,is_open)values('monitor.skywalking','monitore.skywalking:list','列表','',1);
insert into bean_menu(parent_id,id,level,menu_name,path,view_path,icon,is_open,hide_menu,num)values('monitor','monitor.jenkins',2,'服务构建','http://1.15.9.228:10240/','http://1.15.9.228:10240/','grommet-icons:test',1,0,5);
insert into bean_privilege(menu_id,id,privilege_name,request_url,is_open)values('monitor.jenkins','monitore.jenkins:list','列表','',1);
insert into bean_menu(parent_id,id,level,menu_name,path,view_path,icon,is_open,hide_menu,num)values('monitor','monitor.elasticsearch',2,'elasticsearch可视化','http://1.15.9.228:10012/','http://1.15.9.228:10012/','grommet-icons:test',1,0,6);
insert into bean_privilege(menu_id,id,privilege_name,request_url,is_open)values('monitor.elasticsearch','monitore.elasticsearch:list','列表','',1);
insert into bean_menu(parent_id,id,level,menu_name,path,view_path,icon,is_open,hide_menu,num)values('monitor','monitor.swagger',2,'Swagger接口文档','/monitor/swagger','http://122.51.147.244:9100/doc.html','grommet-icons:test',1,0,7);
insert into bean_privilege(menu_id,id,privilege_name,request_url,is_open)values('monitor.swagger','monitore.swagger:list','列表','',1);
insert into bean_menu(parent_id,id,level,menu_name,path,view_path,icon,is_open,hide_menu,num)values('monitor','monitor.rabbitmq',2,'RabbitMq消息队列','/monitor/rabbitmq','https://www.nilongao.cn/rabbitmq/','grommet-icons:test',1,0,7);
insert into bean_privilege(menu_id,id,privilege_name,request_url,is_open)values('monitor.rabbitmq','monitore.rabbitmq:list','列表','',1);
insert into bean_menu(parent_id,id,level,menu_name,path,view_path,icon,is_open,hide_menu,num)values('monitor','monitor.seata',2,'Seata分布式事务','http://1.15.9.228:8092/','http://1.15.9.228:8092/','grommet-icons:test',1,0,7);
insert into bean_privilege(menu_id,id,privilege_name,request_url,is_open)values('monitor.seata','monitore.seata:list','列表','',1);
insert into bean_menu(parent_id,id,level,menu_name,path,view_path,icon,is_open,hide_menu,num)values('monitor','monitor.xxl-job',2,'XXL-JOB分布式定时器','/monitor/xxl-job','https://nilongao.cn/xxl-job-admin/','grommet-icons:test',1,0,7);
insert into bean_privilege(menu_id,id,privilege_name,request_url,is_open)values('monitor.xxl-job','monitore.xxl-job:list','列表','',1);
insert into bean_menu(parent_id,id,level,menu_name,path,view_path,icon,is_open,hide_menu,num)values(null,'video',1,'视频管理','/video','/vide','grommet-icons:test',1,0,4);
insert into bean_menu(parent_id,id,level,menu_name,path,view_path,icon,is_open,hide_menu,num)values('video','video.dispatch',2,'分屏调度','/video/dispatch','/video/dispatch/index','grommet-icons:test',1,0,1);
insert into bean_privilege(menu_id,id,privilege_name,request_url,is_open)values('video.dispatch','video.dispatch:list','列表','/webapi/video/device/page',1);
insert into bean_privilege(menu_id,id,privilege_name,request_url,is_open)values('video.dispatch','video.dispatch:play','播放','/webapi/video/play/start',1);
insert into bean_menu(parent_id,id,level,menu_name,path,view_path,icon,is_open,hide_menu,num)values('video','video.play',2,'国标设备','/video/play','/video/play/index','grommet-icons:test',1,0,2);
insert into bean_privilege(menu_id,id,privilege_name,request_url,is_open)values('video.play','video.play:list','列表','/webapi/video/device/page',1);
insert into bean_privilege(menu_id,id,privilege_name,request_url,is_open)values('video.play','video.play:refresh','刷新','/webapi/video/device/channel/sync',1);
insert into bean_privilege(menu_id,id,privilege_name,request_url,is_open)values('video.play','video.play:channel','设备通道','/webapi/video/device/channel/page',1);
insert into bean_privilege(menu_id,id,privilege_name,request_url,is_open)values('video.play','video.play:add','添加','/webapi/video/device/save_device',1);
insert into bean_privilege(menu_id,id,privilege_name,request_url,is_open)values('video.play','video.play:update','编辑','/webapi/video/device/save_device',1);
insert into bean_privilege(menu_id,id,privilege_name,request_url,is_open)values('video.play','video.play:delete','删除','/webapi/video/device/del',1);
insert into bean_menu(parent_id,id,level,menu_name,path,view_path,icon,is_open,hide_menu,num)values('video','video.play.channel',2,'通道信息','/video/play/channel/:id','/video/play/channel/index','mdi:card-account-details',1,1,2);
insert into bean_privilege(menu_id,id,privilege_name,request_url,is_open)values('video.play.channel','video.play.channel:list','列表','/webapi/video/device/channel/page',1);
insert into bean_privilege(menu_id,id,privilege_name,request_url,is_open)values('video.play.channel','video.play.channel:add','添加','/webapi/video/device/channel/save',1);
insert into bean_privilege(menu_id,id,privilege_name,request_url,is_open)values('video.play.channel','video.play.channel:update','编辑','/webapi/video/device/channel/save',1);
insert into bean_privilege(menu_id,id,privilege_name,request_url,is_open)values('video.play.channel','video.play.channel:delete','删除','/webapi/video/device/channel/del',1);
insert into bean_privilege(menu_id,id,privilege_name,request_url,is_open)values('video.play.channel','video.play.channel:play','播放','/webapi/video/play/start',1);
insert into bean_privilege(menu_id,id,privilege_name,request_url,is_open)values('video.play.channel','video.play.channel:suspend','暂停','/webapi/video/play/start/stop',1);
insert into bean_privilege(menu_id,id,privilege_name,request_url,is_open)values('video.play.channel','video.play.channel:playback','历史回放','/webapi/video/device/channel/page',1);
insert into bean_menu(parent_id,id,level,menu_name,path,view_path,icon,is_open,hide_menu,num)values('video','video.play.record',2,'国标录像','/video/play/record/:deviceId/:channelId','/video/play/record/index','mdi:card-account-details',1,1,3);
insert into bean_privilege(menu_id,id,privilege_name,request_url,is_open)values('video.play.record','video.play.record:list','列表','/webapi/video/device/channel/page',1);
insert into bean_privilege(menu_id,id,privilege_name,request_url,is_open)values('video.play.record','video.play.record:play','播放','/webapi/video/playback/start',1);
insert into bean_privilege(menu_id,id,privilege_name,request_url,is_open)values('video.play.record','video.play.record:suspend','暂停','/webapi/video/playback/stop',1);
insert into bean_menu(parent_id,id,level,menu_name,path,view_path,icon,is_open,hide_menu,num)values('video','video.media',2,'流媒体管理','/video/media','/video/media/index','grommet-icons:test',1,0,5);
insert into bean_privilege(menu_id,id,privilege_name,request_url,is_open)values('video.media','video.media:list','列表','/webapi/video/media/server/page',1);
insert into bean_privilege(menu_id,id,privilege_name,request_url,is_open)values('video.media','video.media:add','添加','/webapi/video/media/server/save',1);
insert into bean_privilege(menu_id,id,privilege_name,request_url,is_open)values('video.media','video.media:update','编辑','/webapi/video/media/server/save',1);
insert into bean_privilege(menu_id,id,privilege_name,request_url,is_open)values('video.media','video.media:delete','删除','/webapi/video/media/server/remove',1);
insert into bean_menu(parent_id,id,level,menu_name,path,view_path,icon,is_open,hide_menu,num)values('video','video.platform',2,'国标级联','/video/platform','/video/platform/index','grommet-icons:test',1,0,6);
insert into bean_privilege(menu_id,id,privilege_name,request_url,is_open)values('video.platform','video.platform:list','列表','/webapi/video/parent/platform/page',1);
insert into bean_privilege(menu_id,id,privilege_name,request_url,is_open)values('video.platform','video.platform:add','添加','/webapi/video/parent/platform/insert',1);
insert into bean_privilege(menu_id,id,privilege_name,request_url,is_open)values('video.platform','video.platform:join','关联','/webapi/video/platform/gb_channel/insert,/webapi/video/platform/gb_stream/add',1);
insert into bean_privilege(menu_id,id,privilege_name,request_url,is_open)values('video.platform','video.platform:update','编辑','/webapi/video/parent/platform/update',1);
insert into bean_privilege(menu_id,id,privilege_name,request_url,is_open)values('video.platform','video.platform:delete','删除','/webapi/video/parent/platform/delete',1);
insert into bean_menu(parent_id,id,level,menu_name,path,view_path,icon,is_open,hide_menu,num)values('video','video.proxy',2,'拉流管理','/video/proxy','/video/proxy/index','grommet-icons:test',1,0,7);
insert into bean_privilege(menu_id,id,privilege_name,request_url,is_open)values('video.proxy','video.proxy:list','列表','/webapi/video/stream/proxy/page',1);
insert into bean_privilege(menu_id,id,privilege_name,request_url,is_open)values('video.proxy','video.proxy:add','添加','/webapi/video/stream/proxy/save',1);
insert into bean_privilege(menu_id,id,privilege_name,request_url,is_open)values('video.proxy','video.proxy:enable','启用-停用','/webapi/video/stream/proxy/start,/webapi/video/stream/proxy/stop',1);
insert into bean_privilege(menu_id,id,privilege_name,request_url,is_open)values('video.proxy','video.proxy:play','播放','/webapi/video/stream/proxy/get_play_url',1);
insert into bean_privilege(menu_id,id,privilege_name,request_url,is_open)values('video.proxy','video.proxy:update','编辑','/webapi/video/stream/proxy/save',1);
insert into bean_privilege(menu_id,id,privilege_name,request_url,is_open)values('video.proxy','video.proxy:delete','删除','/webapi/video/stream/proxy/remove',1);
insert into bean_menu(parent_id,id,level,menu_name,path,view_path,icon,is_open,hide_menu,num)values('video','video.push',2,'推流管理','/video/push','/video/push/index','grommet-icons:test',1,0,8);
insert into bean_privilege(menu_id,id,privilege_name,request_url,is_open)values('video.push','video.push:list','列表','/webapi/video/stream/push/page',1);
insert into bean_privilege(menu_id,id,privilege_name,request_url,is_open)values('video.push','video.push:add','添加','/webapi/video/stream/push/save',1);
insert into bean_privilege(menu_id,id,privilege_name,request_url,is_open)values('video.push','video.push:play','播放','/webapi/video/stream/push/get_play_url',1);
insert into bean_privilege(menu_id,id,privilege_name,request_url,is_open)values('video.push','video.push:update','编辑','/webapi/video/stream/push/save',1);
insert into bean_privilege(menu_id,id,privilege_name,request_url,is_open)values('video.push','video.push:delete','删除','/webapi/video/stream/push/remove',1);
insert into bean_menu(parent_id,id,level,menu_name,path,view_path,icon,is_open,hide_menu,num)values(null,'system',1,'系统设置','/system','/index/system','icon-park-outline:system',1,0,100);
insert into bean_menu(parent_id,id,level,menu_name,path,view_path,icon,is_open,hide_menu,num)values('system','system.tenant',2,'租户管理','/system/tenant','/index/system/tenant/index','icon-park-outline:menu-fold-one',1,0,1);
insert into bean_privilege(menu_id,id,privilege_name,request_url,is_open)values('system.tenant','system.tenant:list','列表','/webapi/bean/tenant/page',1);
insert into bean_privilege(menu_id,id,privilege_name,request_url,is_open)values('system.tenant','system.tenant:add','新增','/webapi/bean/tenant/insert',1);
insert into bean_privilege(menu_id,id,privilege_name,request_url,is_open)values('system.tenant','system.tenant:update','编辑','/webapi/bean/tenant/update',1);
insert into bean_privilege(menu_id,id,privilege_name,request_url,is_open)values('system.tenant','system.tenant:delete','删除','/webapi/bean/tenant/remove',1);
insert into bean_menu(parent_id,id,level,menu_name,path,view_path,icon,is_open,hide_menu,num)values('system','system.user',2,'用户管理','/system/user','/index/system/user/index','ri:user-3-fill',1,0,1);
insert into bean_privilege(menu_id,id,privilege_name,request_url,is_open)values('system.user','system.user:list','列表','/webapi/bean/user/page',1);
insert into bean_privilege(menu_id,id,privilege_name,request_url,is_open)values('system.user','system.user:add','新增','/webapi/bean/user/insert',1);
insert into bean_privilege(menu_id,id,privilege_name,request_url,is_open)values('system.user','system.user:update','编辑','/webapi/bean/user/update',1);
insert into bean_privilege(menu_id,id,privilege_name,request_url,is_open)values('system.user','system.user:delete','删除','/webapi/bean/user/delete',1);
insert into bean_privilege(menu_id,id,privilege_name,request_url,is_open)values('system.user','system.user:detail','详情','/webapi/bean/user/info',1);
insert into bean_privilege(menu_id,id,privilege_name,request_url,is_open)values('system.user','system.user:print','打印','/webapi/bean/user/info',1);
insert into bean_privilege(menu_id,id,privilege_name,request_url,is_open)values('system.user','system.user:export','导出','/webapi/bean/user/info',1);
insert into bean_menu(parent_id,id,level,menu_name,path,view_path,icon,is_open,hide_menu,num)values('system','system.user.detail',2,'用户详情','/system/user/user_detail/:id','/index/system/user/UserDetail','mdi:card-account-details',1,1,2);
insert into bean_privilege(menu_id,id,privilege_name,request_url,is_open)values('system.user.detail','system.user.detail:list','列表','/webapi/bean/user/info',1);
insert into bean_menu(parent_id,id,level,menu_name,path,view_path,icon,is_open,hide_menu,num)values('system','system.role',2,'角色管理','/system/role','/index/system/role/index','carbon:user-role',1,0,3);
insert into bean_privilege(menu_id,id,privilege_name,request_url,is_open)values('system.role','system.role:list','列表','/webapi/bean/role/page',1);
insert into bean_privilege(menu_id,id,privilege_name,request_url,is_open)values('system.role','system.role:add','新增','/webapi/bean/role/detail',1);
insert into bean_privilege(menu_id,id,privilege_name,request_url,is_open)values('system.role','system.role:update','编辑','/webapi/bean/role/save',1);
insert into bean_privilege(menu_id,id,privilege_name,request_url,is_open)values('system.role','system.role:delete','删除','/webapi/bean/role/remove',1);
insert into bean_menu(parent_id,id,level,menu_name,path,view_path,icon,is_open,hide_menu,num)values('system','system.department',2,'部门管理','/system/department','/index/system/department/index','ic:outline-apartment',1,0,5);
insert into bean_privilege(menu_id,id,privilege_name,request_url,is_open)values('system.department','system.department:list','列表','/webapi/bean/department/page',1);
insert into bean_privilege(menu_id,id,privilege_name,request_url,is_open)values('system.department','system.department:add','新增','/webapi/bean/department/save',1);
insert into bean_privilege(menu_id,id,privilege_name,request_url,is_open)values('system.department','system.department:update','编辑','/webapi/bean/department/save',1);
insert into bean_privilege(menu_id,id,privilege_name,request_url,is_open)values('system.department','system.department:delete','删除','/webapi/bean/department/remove',1);
insert into bean_menu(parent_id,id,level,menu_name,path,view_path,icon,is_open,hide_menu,num)values('system','system.position',2,'职位管理','/system/position','/index/system/position/index','mdi:account-question-outline',1,0,7);
insert into bean_privilege(menu_id,id,privilege_name,request_url,is_open)values('system.position','system.position:list','列表','/webapi/bean/position/page',1);
insert into bean_privilege(menu_id,id,privilege_name,request_url,is_open)values('system.position','system.position:add','新增','/webapi/bean/position/save',1);
insert into bean_privilege(menu_id,id,privilege_name,request_url,is_open)values('system.position','system.position:update','编辑','/webapi/bean/position/save',1);
insert into bean_privilege(menu_id,id,privilege_name,request_url,is_open)values('system.position','system.position:delete','删除','/webapi/bean/position/remove',1);
insert into bean_menu(parent_id,id,level,menu_name,path,view_path,icon,is_open,hide_menu,num)values('system','system.privilege',2,'权限管理','/system/privilege','/index/system/privilege/index','mdi:account-question-outline',1,0,8);
insert into bean_privilege(menu_id,id,privilege_name,request_url,is_open)values('system.privilege','system.privilege:list','列表','/webapi/bean/role/all,/webapi/bean/department/tree,/webapi/bean/position/tree,/webapi/bean/privilege/department_privilege_list,/webapi/bean/privilege/position_privilege_list,/webapi/bean/privilege/role_privilege_list',1);
insert into bean_privilege(menu_id,id,privilege_name,request_url,is_open)values('system.privilege','system.privilege:save','保存','/webapi/bean/privilege/department_privilege_save,/webapi/bean/privilege/position_privilege_save,/webapi/bean/privilege/role_privilege_save',1);
insert into bean_menu(parent_id,id,level,menu_name,path,view_path,icon,is_open,hide_menu,num)values('system','system.menu',2,'菜单管理','/system/menu','/index/system/menu/index','icon-park-outline:menu-fold-one',1,0,9);
insert into bean_privilege(menu_id,id,privilege_name,request_url,is_open)values('system.menu','system.menu:list','列表','/webapi/bean/menu/page',1);
insert into bean_privilege(menu_id,id,privilege_name,request_url,is_open)values('system.menu','system.menu:add','新增','/webapi/bean/menu/save',1);
insert into bean_privilege(menu_id,id,privilege_name,request_url,is_open)values('system.menu','system.menu:update','编辑','/webapi/bean/menu/save',1);
insert into bean_privilege(menu_id,id,privilege_name,request_url,is_open)values('system.menu','system.menu:delete','删除','/webapi/bean/menu/remove',1);
insert into bean_menu(parent_id,id,level,menu_name,path,view_path,icon,is_open,hide_menu,num)values('system','system.sms',2,'短信管理','/system/sms','','icon-park-outline:doc-search-two',1,0,10);
insert into bean_menu(parent_id,id,level,menu_name,path,view_path,icon,is_open,hide_menu,num)values('system.sms','system.sms.sms_config',3,'短信配置','/system/sms/sms_config','/index/system/sms/sms_config/index','icon-park-outline:doc-search-two',1,0,1);
insert into bean_privilege(menu_id,id,privilege_name,request_url,is_open)values('system.sms.sms_config','system.sms.sms_config:list','列表','/webapi/sms/sms_config/page',1);
insert into bean_privilege(menu_id,id,privilege_name,request_url,is_open)values('system.sms.sms_config','system.sms.sms_config:add','新增','/webapi/sms/sms_config/insert',1);
insert into bean_privilege(menu_id,id,privilege_name,request_url,is_open)values('system.sms.sms_config','system.sms.sms_config:update','编辑','/webapi/sms/sms_config/update',1);
insert into bean_privilege(menu_id,id,privilege_name,request_url,is_open)values('system.sms.sms_config','system.sms.sms_config:delete','删除','/webapi/sms/sms_config/remove',1);
insert into bean_menu(parent_id,id,level,menu_name,path,view_path,icon,is_open,hide_menu,num)values('system.sms','system.sms.mobile_message_template',3,'短信模板','/system/sms/mobile_message_template','/index/system/sms/mobile_message_template/index','icon-park-outline:doc-search-two',1,0,2);
insert into bean_privilege(menu_id,id,privilege_name,request_url,is_open)values('system.sms.mobile_message_template','system.sms.mobile_message_template:list','列表','/webapi/sms/mobile_message_template/page',1);
insert into bean_privilege(menu_id,id,privilege_name,request_url,is_open)values('system.sms.mobile_message_template','system.sms.mobile_message_template:add','新增','/webapi/sms/mobile_message_template/insert',1);
insert into bean_privilege(menu_id,id,privilege_name,request_url,is_open)values('system.sms.mobile_message_template','system.sms.mobile_message_template:update','编辑','/webapi/sms/mobile_message_template/update',1);
insert into bean_privilege(menu_id,id,privilege_name,request_url,is_open)values('system.sms.mobile_message_template','system.sms.mobile_message_template:delete','删除','/webapi/sms/mobile_message_template/remove',1);
insert into bean_menu(parent_id,id,level,menu_name,path,view_path,icon,is_open,hide_menu,num)values('system.sms','system.sms.mobile_message',3,'短信记录','/system/sms/mobile_message','/index/system/sms/mobile_message/index','icon-park-outline:doc-search-two',1,0,3);
insert into bean_privilege(menu_id,id,privilege_name,request_url,is_open)values('system.sms.mobile_message','system.sms.mobile_message:list','列表','/webapi/sms/mobile_message/page',1);
insert into bean_menu(parent_id,id,level,menu_name,path,view_path,icon,is_open,hide_menu,num)values('system','system.dictionary',2,'字典管理','/system/dictionary','/index/system/dictionary/index','icon-park-outline:doc-search-two',1,0,11);
insert into bean_privilege(menu_id,id,privilege_name,request_url,is_open)values('system.dictionary','system.dictionary:list','列表','/webapi/config/dictionary_type/find_type_list,/webapi/config/dictionary_item/page',1);
insert into bean_privilege(menu_id,id,privilege_name,request_url,is_open)values('system.dictionary','system.dictionary:add_type','新增类型','/webapi/config/dictionary_type/save',1);
insert into bean_privilege(menu_id,id,privilege_name,request_url,is_open)values('system.dictionary','system.dictionary:update_type','编辑类型','/webapi/config/dictionary_type/save',1);
insert into bean_privilege(menu_id,id,privilege_name,request_url,is_open)values('system.dictionary','system.dictionary:delete_type','删除类型','/webapi/config/dictionary_type/remove',1);
insert into bean_privilege(menu_id,id,privilege_name,request_url,is_open)values('system.dictionary','system.dictionary:add_item','新增条目','/webapi/config/dictionary_item/save',1);
insert into bean_privilege(menu_id,id,privilege_name,request_url,is_open)values('system.dictionary','system.dictionary:update_item','编辑条目','/webapi/config/dictionary_item/save',1);
insert into bean_privilege(menu_id,id,privilege_name,request_url,is_open)values('system.dictionary','system.dictionary:delete_item','删除条目','/webapi/config/dictionary_item/remove',1);
insert into bean_menu(parent_id,id,level,menu_name,path,view_path,icon,is_open,hide_menu,num)values('system','system.config',2,'系统管理','/system/config','/index/system/config/index','icon-park-outline:circles-seven',1,0,12);
insert into bean_privilege(menu_id,id,privilege_name,request_url,is_open)values('system.config','system.config:list','列表','/webapi/config/config/page',1);
insert into bean_privilege(menu_id,id,privilege_name,request_url,is_open)values('system.config','system.config:update','编辑','/webapi/config/config/update',1);
insert into bean_menu(parent_id,id,level,menu_name,path,view_path,icon,is_open,hide_menu,num)values('system','system.oauth_client',2,'客户端管理','/system/oauth_client','/index/system/oauth_client/index','zondicons:tablet',1,0,13);
insert into bean_privilege(menu_id,id,privilege_name,request_url,is_open)values('system.oauth_client','system.oauth_client:list','列表','/webapi/config/oauth_client/page',1);
insert into bean_privilege(menu_id,id,privilege_name,request_url,is_open)values('system.oauth_client','system.oauth_client:add','新增','/webapi/config/oauth_client/save',1);
insert into bean_privilege(menu_id,id,privilege_name,request_url,is_open)values('system.oauth_client','system.oauth_client:update','编辑','/webapi/config/oauth_client/save',1);
insert into bean_privilege(menu_id,id,privilege_name,request_url,is_open)values('system.oauth_client','system.oauth_client:delete','删除','/webapi/config/oauth_client/remove',1);
insert into bean_menu(parent_id,id,level,menu_name,path,view_path,icon,is_open,hide_menu,num)values('system','system.notice',2,'平台公告通知','/system/notice','/index/system/notice/index','zondicons:tablet',1,0,14);
insert into bean_privilege(menu_id,id,privilege_name,request_url,is_open)values('system.notice','system.notice:list','列表','/webapi/notice/public_notice/page',1);
insert into bean_privilege(menu_id,id,privilege_name,request_url,is_open)values('system.notice','system.notice:add','新增','/webapi/notice/public_notice/insert',1);
insert into bean_privilege(menu_id,id,privilege_name,request_url,is_open)values('system.notice','system.notice:update','编辑','/webapi/notice/public_notice/update',1);
insert into bean_privilege(menu_id,id,privilege_name,request_url,is_open)values('system.notice','system.notice:delete','删除','/webapi/notice/public_notice/remove',1);
insert into bean_menu(parent_id,id,level,menu_name,path,view_path,icon,is_open,hide_menu,num)values('system','system.logs',2,'系统日志','/system/logs','/index/system/logs/index','zondicons:tablet',1,0,15);
insert into bean_privilege(menu_id,id,privilege_name,request_url,is_open)values('system.logs','system.logs:list','列表','/webapi/config/logs/page',1);
insert into bean_privilege(menu_id,id,privilege_name,request_url,is_open)values('system.logs','system.logs:detail','详情','/webapi/config/logs/detail',1);

/*租户默认信息*/
insert into sys_tenant(id,tenant_name,tenant_user_id,tenant_user_name,status,account_count,update_user_id,update_time,create_user_id,create_time)values
(0,'系统租户',1,'root',1,0,1,now(),1,now());

/*系统配置*/
insert into sys_config(config_name,k,v)values('minio服务器地址','minio.path','http://1.15.9.228:9000/spring-clond');
insert into sys_config(config_name,k,v)values('打印水印名称','print.name','测试水印信息');



/*短信配置*/
insert into sms_sms_config(id,sms_type,config_name,account,password,balance,is_active,sign,sign_place,update_time)values (1,8,'腾讯云短信','AKIDVotiHacaIkvqWyAWdU5QUIsELCn9F6k9','DBtLYUBcniPq32nJbeS0IK6ctufAPO7b','0',1,'仝泽勇我的JAVA学习记',1,now());
insert into sms_mobile_message_template(id,config_id,code,type,title,content,receiver,variable)values (1,1,'1146534',1,'登录验证','{VERIFICATION_CODE}为您的登录验证码，请于{REDIS_CODE}分钟内填写，如非本人操作，请忽略本短信。',null,'{"VERIFICATION_CODE":"","REDIS_CODE":"5"}');
insert into sms_mobile_message_template(id,config_id,code,type,title,content,receiver,variable)values (2,1,'1146535',2,'注册验证码','您正在申请手机注册，验证码为：{VERIFICATION_CODE}，{REDIS_CODE}分钟内有效！',null,'{"VERIFICATION_CODE":"","REDIS_CODE":"5"}');
insert into sms_mobile_message_template(id,config_id,code,type,title,content,receiver,variable)values (3,1,'1146536',3,'密码重置','您的动态验证码为：{VERIFICATION_CODE}，您正在进行密码重置操作，如非本人操作，请忽略本短信！',null,'{"VERIFICATION_CODE":""}');

/*初始化用户*/
insert into bean_user(id,user_name,nick_name,login_account,password,credentialssalt,phone,gender,id_card,login_last_time,update_user_id,update_time,create_user_id,create_time)values
(1,'root','root','root','$2a$10$7eW0yCH6YvIaQhdXpsO3L..vX9uaxUbznzr59l10a1HitY2QJ9uHW','789','18789432816',1,'610125199508234332',now(),1,now(),1,now());
insert into bean_user_set(id,is_admin,is_enabled)values (1,1,0);


/*初始化客户端*/
insert into sys_oauth_client(client_id,resource_ids,client_secret,scope,authorized_grant_types,web_server_redirect_uri,authorities,access_token_validity,refresh_token_validity,additional_information,autoapprove)values
('web-api-client',null,'web-api-client','all','authorization_code,password,refresh_token,implicit,client_credentials','http://1.15.9.228:9200',null,7200,7200,null,null);

/*定时器初始化*/
insert into sms_quartz(id,classes_name,cron_expression,task_name,group_name,description,type,task_status,start_time,end_time)values (1,'cn.com.tzy.springbootsms.config.quartz.task.PubLicScheduler','0 0 0/1 * * ?','QUARTZ_SOCKET_SOCKET','QUARTZ_SOCKET','socket定时推送信息',1,1,null,null);


/*初始化字典*/
insert into sys_dictionary_type(id,code,status,name)values ('OA_ACTIVITI','OA_ACTIVITI',1,'流程相关信息字典');
insert into sys_dictionary_item(type_id,id,sort,name,value)values ('OA_ACTIVITI','Leave',1,'请假流程','LeaveOaService:/work/leave');
insert into sys_dictionary_type(id,code,status,name)values ('AUTHORIZATION','AUTHORIZATION',1,'登陆授权方式');
insert into sys_dictionary_item(type_id,id,sort,name,value)values ('AUTHORIZATION','AUTHORIZATION_CODE',1,'授权码模式','authorization_code');
insert into sys_dictionary_item(type_id,id,sort,name,value)values ('AUTHORIZATION','IMPLICIT',2,'简化模式','implicit');
insert into sys_dictionary_item(type_id,id,sort,name,value)values ('AUTHORIZATION','PASSWORD',3,'密码模式','password');
insert into sys_dictionary_item(type_id,id,sort,name,value)values ('AUTHORIZATION','CLIENT_CREDENTIALS',4,'客户端模式','client_credentials');
insert into sys_dictionary_item(type_id,id,sort,name,value)values ('AUTHORIZATION','REFRESH_TOKEN',5,'刷新令牌','refresh_token');
insert into sys_dictionary_item(type_id,id,sort,name,value)values ('AUTHORIZATION','CODE',6,'普通认证模式','code');
insert into sys_dictionary_item(type_id,id,sort,name,value)values ('AUTHORIZATION','SMS',7,'短信认证模式','sms');
insert into sys_dictionary_item(type_id,id,sort,name,value)values ('AUTHORIZATION','WX_MINI',8,'微信小程序认证类型','wx_mini');
insert into sys_dictionary_item(type_id,id,sort,name,value)values ('AUTHORIZATION','WX_MINI_WEB',9,'微信小程序web认证类型','wx_mini_web');
insert into sys_dictionary_type(id,code,status,name)values ('SMS_TYPE','SMS_TYPE',1,'短信类型');
insert into sys_dictionary_item(type_id,id,sort,name,value)values ('SMS_TYPE','DXW',1,'短信网','1');
insert into sys_dictionary_item(type_id,id,sort,name,value)values ('SMS_TYPE','CLW',2,'创蓝网','2');
insert into sys_dictionary_item(type_id,id,sort,name,value)values ('SMS_TYPE','WND',3,'维纳多','3');
insert into sys_dictionary_item(type_id,id,sort,name,value)values ('SMS_TYPE','SWLH',4,'商务领航','4');
insert into sys_dictionary_item(type_id,id,sort,name,value)values ('SMS_TYPE','ALYDY',5,'阿里云大于','5');
insert into sys_dictionary_item(type_id,id,sort,name,value)values ('SMS_TYPE','WYYD',6,'网易易盾','6');
insert into sys_dictionary_item(type_id,id,sort,name,value)values ('SMS_TYPE','YTX',7,'云通讯','7');
insert into sys_dictionary_item(type_id,id,sort,name,value)values ('SMS_TYPE','TXY',8,'腾讯云','8');
insert into sys_dictionary_type(id,code,status,name)values ('SMS_SEND_TYPE','SMS_SEND_TYPE',1,'短信发送类型');
insert into sys_dictionary_item(type_id,id,sort,name,value)values ('SMS_SEND_TYPE','LOGIN_VERIFICATION_CODE',1,'登录验证码','1');
insert into sys_dictionary_item(type_id,id,sort,name,value)values ('SMS_SEND_TYPE','REGISTER_VERIFICATION_CODE',2,'注册验证码','2');
insert into sys_dictionary_item(type_id,id,sort,name,value)values ('SMS_SEND_TYPE','RESET_VERIFICATION_CODE',3,'重置密码验证码','3');
insert into sys_dictionary_type(id,code,status,name)values ('GENDER','GENDER',1,'性别');
insert into sys_dictionary_item(type_id,id,sort,name,value)values ('GENDER','UNKNOWN',1,'未知','0');
insert into sys_dictionary_item(type_id,id,sort,name,value)values ('GENDER','MALE',2,'男','1');
insert into sys_dictionary_item(type_id,id,sort,name,value)values ('GENDER','FEMALE',3,'女','2');
insert into sys_dictionary_type(id,code,status,name)values ('LOGS_TYPE_ENUM','LOGS_TYPE_ENUM',1,'系统日志类型');
insert into sys_dictionary_item(type_id,id,sort,name,value)values ('LOGS_TYPE_ENUM','LOGIN',1,'登录','1');
insert into sys_dictionary_item(type_id,id,sort,name,value)values ('LOGS_TYPE_ENUM','INSERT',2,'新增','2');
insert into sys_dictionary_item(type_id,id,sort,name,value)values ('LOGS_TYPE_ENUM','UPDATE',3,'修改','3');
insert into sys_dictionary_item(type_id,id,sort,name,value)values ('LOGS_TYPE_ENUM','DELETE',4,'删除','4');
insert into sys_dictionary_item(type_id,id,sort,name,value)values ('LOGS_TYPE_ENUM','OTHER',5,'其他','0');
insert into sys_dictionary_type(id,code,status,name)values ('TRANSPORT_TYPE_ENUM','TRANSPORT_TYPE_ENUM',1,'SIP传输协议');
insert into sys_dictionary_item(type_id,id,sort,name,value)values ('TRANSPORT_TYPE_ENUM','UDP',1,'UDP','1');
insert into sys_dictionary_item(type_id,id,sort,name,value)values ('TRANSPORT_TYPE_ENUM','TCP',2,'TCP','2');
insert into sys_dictionary_type(id,code,status,name)values ('CHARSET_TYPE_ENUM','CHARSET_TYPE_ENUM',1,'SIP传输字符编码');
insert into sys_dictionary_item(type_id,id,sort,name,value)values ('CHARSET_TYPE_ENUM','UTF_8',1,'UTF_8','1');
insert into sys_dictionary_item(type_id,id,sort,name,value)values ('CHARSET_TYPE_ENUM','GB2312',2,'GB2312','2');
insert into sys_dictionary_type(id,code,status,name)values ('DEVICE_ALARM_METHOD_ENUM','DEVICE_ALARM_METHOD_ENUM',1,'SIP报警方式');
insert into sys_dictionary_item(type_id,id,sort,name,value)values ('DEVICE_ALARM_METHOD_ENUM','TELEPHONE',1,'电话报警','1');
insert into sys_dictionary_item(type_id,id,sort,name,value)values ('DEVICE_ALARM_METHOD_ENUM','DEVICE',2,'设备报警','2');
insert into sys_dictionary_item(type_id,id,sort,name,value)values ('DEVICE_ALARM_METHOD_ENUM','SMS_ALARM',3,'短信报警','3');
insert into sys_dictionary_item(type_id,id,sort,name,value)values ('DEVICE_ALARM_METHOD_ENUM','GPS_ALARM',4,'GPS报警','4');
insert into sys_dictionary_item(type_id,id,sort,name,value)values ('DEVICE_ALARM_METHOD_ENUM','VIDEO_ALARM',5,'视频报警','5');
insert into sys_dictionary_item(type_id,id,sort,name,value)values ('DEVICE_ALARM_METHOD_ENUM','DEVICE_FAILURE_ALARM',6,'设备故障报警','6');
insert into sys_dictionary_item(type_id,id,sort,name,value)values ('DEVICE_ALARM_METHOD_ENUM','OTHER_ALARM',7,'其他报警','7');
insert into sys_dictionary_type(id,code,status,name)values ('PROXY_TYPE_ENUM','PROXY_TYPE_ENUM',1,'拉流类型');
insert into sys_dictionary_item(type_id,id,sort,name,value)values ('PROXY_TYPE_ENUM','DEFAULT',1,'默认拉流','1');
insert into sys_dictionary_item(type_id,id,sort,name,value)values ('PROXY_TYPE_ENUM','FFMPEG',2,'ffmpeg拉流','2');
insert into sys_dictionary_type(id,code,status,name)values ('PROXY_RTP_TYPE_ENUM','PROXY_RTP_TYPE_ENUM',1,'拉流方式');
insert into sys_dictionary_item(type_id,id,sort,name,value)values ('PROXY_RTP_TYPE_ENUM','PROXY_RTP_TCP',1,'TCP','0');
insert into sys_dictionary_item(type_id,id,sort,name,value)values ('PROXY_RTP_TYPE_ENUM','PROXY_RTP_UDP',2,'UDP','1');
insert into sys_dictionary_item(type_id,id,sort,name,value)values ('PROXY_RTP_TYPE_ENUM','PROXY_RTP_MULTICAST',3,'组播','2');
insert into sys_dictionary_type(id,code,status,name)values ('STREAM_MODE_TYPE_ENUM','STREAM_MODE_TYPE_ENUM',1,'数据流传输模式');
insert into sys_dictionary_item(type_id,id,sort,name,value)values ('STREAM_MODE_TYPE_ENUM','UDP_STREAM_MODE',1,'UDP模式','0');
insert into sys_dictionary_item(type_id,id,sort,name,value)values ('STREAM_MODE_TYPE_ENUM','TCP_PASSIVE_STREAM_MODE',2,'TCP被动模式','1');
insert into sys_dictionary_item(type_id,id,sort,name,value)values ('STREAM_MODE_TYPE_ENUM','TCP_ACTIVE_STREAM_MODE',3,'TCP主动模式','2');
insert into sys_dictionary_type(id,code,status,name)values ('STREAM_TYPE_ENUM','STREAM_TYPE_ENUM',1,'国标流类型');
insert into sys_dictionary_item(type_id,id,sort,name,value)values ('STREAM_TYPE_ENUM','PROXY_STREAM_TYPE',1,'拉流','1');
insert into sys_dictionary_item(type_id,id,sort,name,value)values ('STREAM_TYPE_ENUM','PULL_STREAM_TYPE',2,'推流','2');
insert into sys_dictionary_type(id,code,status,name)values ('TREE_TYPE_ENUM','TREE_TYPE_ENUM',1,'设备分组');
insert into sys_dictionary_item(type_id,id,sort,name,value)values ('TREE_TYPE_ENUM','BUSINESS_GROUPING',1,'业务分组编码','215');
insert into sys_dictionary_item(type_id,id,sort,name,value)values ('TREE_TYPE_ENUM','VIRTUAL_ORGANIZATION',2,'虚拟组织编码','216');
insert into sys_dictionary_type(id,code,status,name)values ('GEO_COORD_SYS_TYPE_ENUM','GEO_COORD_SYS_TYPE_ENUM',1,'地理坐标系');
insert into sys_dictionary_item(type_id,id,sort,name,value)values ('GEO_COORD_SYS_TYPE_ENUM','WGS84',1,'WGS84','1');
insert into sys_dictionary_item(type_id,id,sort,name,value)values ('GEO_COORD_SYS_TYPE_ENUM','GCJ02',2,'GCJ02','2');
insert into sys_dictionary_type(id,code,status,name)values ('DEVICE_TYPE_ENUM','DEVICE_TYPE_ENUM',1,'设备状态');
insert into sys_dictionary_item(type_id,id,sort,name,value)values ('DEVICE_TYPE_ENUM','ONLINE_DEVICE',1,'在线','1');
insert into sys_dictionary_item(type_id,id,sort,name,value)values ('DEVICE_TYPE_ENUM','OFF_DEVICE',2,'离线','0');
insert into sys_dictionary_type(id,code,status,name)values ('PTZ_TYPE_ENUM','PTZ_TYPE_ENUM',1,'云台类型');
insert into sys_dictionary_item(type_id,id,sort,name,value)values ('PTZ_TYPE_ENUM','UNKNOWN_PTZ',1,'未知','0');
insert into sys_dictionary_item(type_id,id,sort,name,value)values ('PTZ_TYPE_ENUM','PTZ_PTZ',2,'球机','1');
insert into sys_dictionary_item(type_id,id,sort,name,value)values ('PTZ_TYPE_ENUM','HEMISPHERE_PTZ',3,'半球','2');
insert into sys_dictionary_item(type_id,id,sort,name,value)values ('PTZ_TYPE_ENUM','FIXED_PTZ',4,'固定枪机','3');
insert into sys_dictionary_item(type_id,id,sort,name,value)values ('PTZ_TYPE_ENUM','REMOTE_CONTROL_PTZ',5,'遥控枪机','4');